-- phpMyAdmin SQL Dump
-- version 3.5.8.1
-- http://www.phpmyadmin.net
--
-- 主機: localhost
-- 產生日期: 2020 年 12 月 23 日 15:36
-- 伺服器版本: 5.6.11
-- PHP 版本: 5.6.15

SET SQL_MODE="NO_AUTO_VALUE_ON_ZERO";
SET time_zone = "+00:00";


/*!40101 SET @OLD_CHARACTER_SET_CLIENT=@@CHARACTER_SET_CLIENT */;
/*!40101 SET @OLD_CHARACTER_SET_RESULTS=@@CHARACTER_SET_RESULTS */;
/*!40101 SET @OLD_COLLATION_CONNECTION=@@COLLATION_CONNECTION */;
/*!40101 SET NAMES utf8 */;

--
-- 資料庫: `loveSchool`
--

-- --------------------------------------------------------

--
-- 表的結構 `announment`
--

CREATE TABLE IF NOT EXISTS `announment` (
  `ano_id` int(11) NOT NULL AUTO_INCREMENT COMMENT '編號',
  `ano_date` date NOT NULL COMMENT '公告發布時間',
  `date_start` date NOT NULL COMMENT '開始日期',
  `date_end` date NOT NULL COMMENT '結束日期',
  `ano_title` varchar(50) NOT NULL COMMENT '公告標題',
  `ano_content` text NOT NULL COMMENT '公告內容',
  `unit_id` int(11) NOT NULL COMMENT '單位_id',
  `office_time_hr` smallint(6) NOT NULL COMMENT '處室所需時間',
  `need_people` smallint(6) NOT NULL COMMENT '需要多少人',
  `remain_people` smallint(6) NOT NULL COMMENT '剩餘多少名額',
  `teacher_id` varchar(20) NOT NULL COMMENT '教師帳號',
  PRIMARY KEY (`ano_id`)
) ENGINE=InnoDB  DEFAULT CHARSET=utf8 AUTO_INCREMENT=9 ;

--
-- 轉存資料表中的資料 `announment`
--

INSERT INTO `announment` (`ano_id`, `ano_date`, `date_start`, `date_end`, `ano_title`, `ano_content`, `unit_id`, `office_time_hr`, `need_people`, `remain_people`, `teacher_id`) VALUES
(1, '2020-08-29', '2020-08-01', '2020-12-31', '整理文件', '打掃資圖中心', 1, 6, 3, 1, 'ttchen'),
(6, '2020-10-19', '2020-10-20', '2020-10-26', '軍訓室打掃', '打掃辦公室', 3, 10, 5, 5, 'songhon0509'),
(7, '2020-11-15', '2020-11-18', '2020-12-04', '資管科', '打掃', 7, 4, 1, 1, 'hsiao');

-- --------------------------------------------------------

--
-- 表的結構 `manager`
--

CREATE TABLE IF NOT EXISTS `manager` (
  `account` varchar(20) NOT NULL COMMENT '帳號',
  `name` varchar(20) NOT NULL COMMENT '姓名',
  PRIMARY KEY (`account`)
) ENGINE=InnoDB DEFAULT CHARSET=utf8;

--
-- 轉存資料表中的資料 `manager`
--

INSERT INTO `manager` (`account`, `name`) VALUES
('105534201', '王景瀚'),
('105534202', '洪浩軒'),
('105534203', '王譯璟'),
('105534215', '王致鈞'),
('ttchen', '陳宗騰');

-- --------------------------------------------------------

--
-- 表的結構 `master_list`
--

CREATE TABLE IF NOT EXISTS `master_list` (
  `mas_id` int(11) NOT NULL AUTO_INCREMENT COMMENT '主要清單編號',
  `account_id` char(10) NOT NULL COMMENT '學號',
  `teacher_id` char(20) NOT NULL COMMENT '教師帳號',
  `content` text NOT NULL COMMENT '原因',
  `content_number` int(1) NOT NULL COMMENT '1是其他,0是正常事由',
  `total_hr` tinyint(4) NOT NULL COMMENT '總時數',
  `write_day` date NOT NULL COMMENT '填報日期',
  `end_day` date NOT NULL COMMENT '截止日期',
  `semester` varchar(20) NOT NULL COMMENT '學期別',
  `mas_status` int(11) NOT NULL COMMENT '0:可以過期,1:無法過期',
  PRIMARY KEY (`mas_id`)
) ENGINE=InnoDB  DEFAULT CHARSET=utf8 AUTO_INCREMENT=42 ;

--
-- 轉存資料表中的資料 `master_list`
--

INSERT INTO `master_list` (`mas_id`, `account_id`, `teacher_id`, `content`, `content_number`, `total_hr`, `write_day`, `end_day`, `semester`, `mas_status`) VALUES
(1, '109511102', 'songhon0509', '曠課輔導', 0, 16, '2020-12-02', '2020-12-16', '1091', 0),
(2, '109511234', 'songhon0509', '曠課輔導', 0, 17, '2020-12-02', '2020-12-16', '1091', 1),
(3, '109512237', 'songhon0509', '曠課輔導', 0, 15, '2020-12-02', '2020-12-16', '1091', 1),
(4, '109512444', 'songhon0509', '曠課輔導', 0, 18, '2020-12-02', '2020-12-16', '1091', 1),
(5, '109534106', 'songhon0509', '留校察看', 0, 20, '2020-11-30', '2020-12-01', '1091', 1),
(6, '109536104', 'songhon0509', '曠課輔導', 0, 14, '2020-11-30', '2020-12-01', '1091', 1),
(7, '109534207', 'songhon0509', '留校察看', 0, 14, '2020-12-02', '2020-12-16', '1091', 1),
(9, '108534118', 'songhon0509', '曠課輔導', 0, 13, '2020-12-02', '2020-12-16', '1091', 1),
(10, '108536132', 'songhon0509', '曠課輔導', 0, 12, '2020-12-02', '2020-12-16', '1091', 1),
(11, '108513104', 'songhon0509', '改過銷過', 0, 14, '2020-12-02', '2020-12-16', '1091', 1),
(12, '108535104', 'songhon0509', '改過銷過', 0, 12, '2020-12-02', '2020-12-16', '1091', 1),
(13, '106535132', 'songhon0509', '改過銷過', 0, 11, '2020-12-02', '2020-12-16', '1091', 1),
(14, '106535104', 'songhon0509', '服儀違規', 0, 16, '2020-12-02', '2020-12-16', '1091', 1),
(15, '105534202', 'hsiao', '上課玩手機', 1, 15, '2020-12-02', '2020-12-16', '1091', 1),
(16, '105534202', 'songhon0509', '服儀違規', 0, 5, '2020-12-02', '2020-12-16', '1091', 1),
(17, '105534201', 'songhon0509', '曠課輔導', 0, 1, '2020-11-30', '2020-12-01', '1091', 1),
(18, '105534201', 'songhon0509', '曠課輔導', 0, 1, '2020-11-30', '2020-12-01', '1091', 0),
(20, '105534203', 'songhon0509', '改過銷過', 0, 8, '2020-12-03', '2020-12-17', '1091', 1),
(22, '105534201', 'songhon0509', '上課嬉戲，屢勸不聽', 1, 8, '2020-12-03', '2020-12-17', '1091', 1),
(26, '105534201', 'songhon0509', '改過銷過', 0, 2, '2020-12-03', '2020-12-31', '1091', 1),
(27, '105534202', 'hsiao', '曠課輔導', 0, 6, '2020-12-03', '2020-12-17', '1091', 1),
(28, '105534202', 'hsiao', '留校察看', 0, 6, '2020-12-03', '2020-12-17', '1091', 1),
(29, '105534202', 'hsiao', '曠課輔導', 0, 1, '2020-12-03', '2020-12-17', '1091', 1),
(30, '105534202', 'hsiao', '留校察看', 0, 10, '2020-12-03', '2020-12-17', '1091', 1),
(31, '105534202', 'hsiao', '服儀違規', 0, 10, '2020-12-03', '2020-12-17', '1091', 1),
(32, '105534203', 'hsiao', '服儀違規', 0, 3, '2020-11-01', '2020-11-24', '1091', 1),
(33, '105534203', 'hsiao', '改過銷過', 0, 3, '2020-12-04', '2020-12-18', '1091', 1),
(34, '105534215', 'hsiao', '改過銷過', 0, 6, '2020-12-04', '2020-12-18', '1091', 1),
(35, '105534203', 'songhon0509', '改過銷過', 0, 4, '2020-12-04', '2020-12-18', '1091', 1),
(36, '105534203', 'ttchen', '曠課輔導', 0, 4, '2020-11-01', '2020-11-24', '1091', 1),
(37, '105534215', 'ttchen', '上課睡覺', 1, 1, '2020-12-08', '2020-12-29', '1091', 0),
(38, '105534202', 'songhon0509', '上課睡覺', 1, 1, '2020-12-08', '2020-12-22', '1091', 0),
(39, '105534215', 'ttchen', '曠課輔導', 0, 1, '2020-12-09', '2020-12-24', '1091', 0),
(40, '105534215', 'ttchen', '留校察看', 0, 2, '2020-12-09', '2020-12-24', '1091', 0),
(41, '105534202', 'amanda', '曠課輔導', 0, 1, '2020-12-18', '2021-01-01', '1091', 1);

-- --------------------------------------------------------

--
-- 表的結構 `reservation`
--

CREATE TABLE IF NOT EXISTS `reservation` (
  `res_id` int(11) NOT NULL AUTO_INCREMENT,
  `mas_id` int(11) NOT NULL COMMENT '主要清單_id',
  `unit_id` int(11) NOT NULL COMMENT '單位_id',
  `res_hr` tinyint(4) NOT NULL COMMENT '指派單位所需時數',
  `res_status` tinytext NOT NULL COMMENT '狀態(已完成=1,未完成=2,超過期限=3)',
  PRIMARY KEY (`res_id`)
) ENGINE=InnoDB  DEFAULT CHARSET=utf8 AUTO_INCREMENT=45 ;

--
-- 轉存資料表中的資料 `reservation`
--

INSERT INTO `reservation` (`res_id`, `mas_id`, `unit_id`, `res_hr`, `res_status`) VALUES
(1, 1, 3, 16, '1'),
(2, 2, 3, 17, '1'),
(3, 3, 3, 15, '1'),
(4, 4, 3, 18, '1'),
(5, 5, 7, 20, '1'),
(6, 6, 3, 14, '1'),
(7, 7, 7, 14, '1'),
(9, 9, 7, 13, '1'),
(10, 10, 3, 12, '1'),
(11, 11, 3, 14, '1'),
(12, 12, 3, 12, '1'),
(13, 13, 3, 11, '1'),
(14, 14, 3, 16, '1'),
(15, 15, 3, 15, '1'),
(16, 16, 3, 5, '1'),
(17, 17, 3, 1, '3'),
(18, 18, 3, 1, '3'),
(20, 20, 3, 8, '1'),
(22, 22, 3, 8, '1'),
(26, 26, 3, 2, '2'),
(27, 27, 7, 6, '1'),
(28, 28, 7, 6, '1'),
(29, 29, 7, 1, '1'),
(30, 30, 1, 10, '1'),
(31, 31, 1, 10, '1'),
(32, 32, 1, 3, '3'),
(33, 33, 7, 3, '2'),
(35, 34, 1, 3, '1'),
(36, 34, 3, 3, '1'),
(37, 35, 1, 4, '1'),
(38, 36, 1, 4, '3'),
(39, 37, 3, 1, '1'),
(41, 38, 3, 1, '1'),
(42, 39, 3, 1, '1'),
(43, 40, 3, 2, '1'),
(44, 41, 1, 1, '1');

-- --------------------------------------------------------

--
-- 表的結構 `service_hours`
--

CREATE TABLE IF NOT EXISTS `service_hours` (
  `sh_id` int(11) NOT NULL AUTO_INCREMENT COMMENT '流水號',
  `res_id` int(11) NOT NULL COMMENT '認證_id',
  `ser_day` date NOT NULL COMMENT '服務日期',
  `start_time` time NOT NULL COMMENT '開始時間',
  `end_time` time NOT NULL COMMENT '結束時間',
  `hr` float NOT NULL COMMENT '時數',
  `service_work` text NOT NULL,
  `teacher_id` varchar(20) NOT NULL COMMENT '教師帳號',
  PRIMARY KEY (`sh_id`)
) ENGINE=InnoDB  DEFAULT CHARSET=utf8 AUTO_INCREMENT=59 ;

--
-- 轉存資料表中的資料 `service_hours`
--

INSERT INTO `service_hours` (`sh_id`, `res_id`, `ser_day`, `start_time`, `end_time`, `hr`, `service_work`, `teacher_id`) VALUES
(1, 1, '2020-12-02', '10:00:00', '18:00:00', 8, '康寧廣場掃地', 'songhon0509'),
(2, 1, '2020-12-02', '10:00:00', '18:00:00', 8, '打掃C棟廁所', 'songhon0509'),
(3, 2, '2020-12-02', '12:00:00', '19:00:00', 7, '康寧大道撿落葉', 'songhon0509'),
(4, 2, '2020-11-29', '08:00:00', '14:00:00', 6, '康寧廣場掃地', 'songhon0509'),
(5, 2, '2020-11-20', '10:00:00', '14:00:00', 4, '康寧廣場掃地', 'songhon0509'),
(6, 3, '2020-11-14', '12:00:00', '17:00:00', 5, '康寧廣場掃地', 'songhon0509'),
(7, 3, '2020-12-02', '08:00:00', '14:00:00', 6, '打掃停車場車道', 'songhon0509'),
(8, 3, '2020-11-21', '10:00:00', '14:00:00', 4, '打掃E棟一樓二樓走廊', 'songhon0509'),
(9, 4, '2020-12-02', '09:00:00', '14:00:00', 5, '協助教官辦活動', 'songhon0509'),
(10, 4, '2020-12-02', '09:00:00', '14:00:00', 5, '打掃野生館廁所', 'songhon0509'),
(11, 4, '2020-12-01', '11:00:00', '19:00:00', 8, '康寧廣場掃地', 'songhon0509'),
(12, 6, '2020-12-02', '10:00:00', '15:00:00', 5, '康寧廣場掃地', 'songhon0509'),
(13, 6, '2020-12-03', '10:00:00', '15:00:00', 5, '康寧廣場掃地', 'songhon0509'),
(14, 6, '2020-12-04', '11:00:00', '15:00:00', 4, '康寧廣場掃地', 'songhon0509'),
(15, 10, '2020-12-01', '11:00:00', '15:00:00', 4, '康寧廣場掃地', 'songhon0509'),
(16, 10, '2020-12-02', '10:00:00', '15:00:00', 5, '康寧廣場掃地', 'songhon0509'),
(17, 10, '2020-12-03', '12:00:00', '15:00:00', 3, '康寧廣場掃地', 'songhon0509'),
(18, 11, '2020-11-30', '11:00:00', '15:00:00', 4, '康寧廣場掃地', 'songhon0509'),
(19, 11, '2020-12-02', '10:00:00', '15:00:00', 5, '康寧廣場掃地', 'songhon0509'),
(20, 11, '2020-12-03', '10:00:00', '15:00:00', 5, '康寧廣場掃地', 'songhon0509'),
(21, 12, '2020-11-30', '10:00:00', '15:00:00', 5, '康寧廣場掃地', 'songhon0509'),
(22, 12, '2020-12-01', '11:00:00', '15:00:00', 4, '康寧廣場掃地', 'songhon0509'),
(23, 12, '2020-12-03', '12:00:00', '15:00:00', 3, '康寧廣場掃地', 'songhon0509'),
(24, 13, '2020-12-04', '09:00:00', '15:00:00', 6, '康寧廣場掃地', 'songhon0509'),
(25, 13, '2020-12-06', '10:00:00', '15:00:00', 5, '康寧廣場掃地', 'songhon0509'),
(26, 14, '2020-12-07', '11:00:00', '15:00:00', 4, '康寧廣場掃地', 'songhon0509'),
(27, 14, '2020-11-28', '07:00:00', '15:00:00', 8, '協助校慶', 'songhon0509'),
(28, 14, '2020-12-01', '11:00:00', '15:00:00', 4, '康寧廣場掃地', 'songhon0509'),
(29, 5, '2020-11-24', '08:00:00', '15:00:00', 7, '康寧廣場掃地', 'hsiao'),
(30, 5, '2020-11-30', '10:00:00', '15:00:00', 5, '康寧廣場掃地', 'hsiao'),
(31, 5, '2020-11-28', '07:00:00', '15:00:00', 8, '協助校慶', 'hsiao'),
(32, 7, '2020-11-28', '07:00:00', '15:00:00', 8, '協助校慶', 'hsiao'),
(33, 7, '2020-12-02', '09:00:00', '15:00:00', 6, '康寧廣場掃地', 'hsiao'),
(34, 15, '2020-11-28', '07:00:00', '15:00:00', 8, '協助校慶', 'songhon0509'),
(35, 15, '2020-12-02', '08:00:00', '15:00:00', 7, '康寧廣場掃地', 'songhon0509'),
(36, 16, '2020-12-02', '10:00:00', '15:00:00', 5, '康寧廣場掃地', 'songhon0509'),
(37, 20, '2020-12-03', '13:10:00', '17:10:00', 4, '打掃校園', 'songhon0509'),
(38, 20, '2020-12-10', '13:10:00', '17:10:00', 4, '整理銷毀文件', 'songhon0509'),
(39, 22, '2020-12-03', '11:00:00', '15:00:00', 4, '整理銷毀文件', 'songhon0509'),
(40, 22, '2020-12-03', '11:00:00', '15:00:00', 4, '打掃', 'songhon0509'),
(41, 27, '2020-12-03', '12:00:00', '18:00:00', 6, '康寧廣場掃地', 'hsiao'),
(42, 28, '2020-12-03', '12:00:00', '18:00:00', 6, '康寧廣場掃地', 'hsiao'),
(43, 29, '2020-12-03', '20:00:00', '21:00:00', 1, '整理銷毀文件', 'hsiao'),
(44, 30, '2020-12-03', '11:00:00', '21:00:00', 10, '整理銷毀文件', 'ttchen'),
(45, 31, '2020-12-03', '13:00:00', '18:00:00', 5, '整理銷毀文件', 'ttchen'),
(46, 31, '2020-12-03', '11:00:00', '16:00:00', 5, '整理銷毀文件', 'ttchen'),
(47, 9, '2020-12-03', '13:10:00', '17:10:00', 4, '整理文件', 'hsiao'),
(48, 9, '2020-12-10', '13:10:00', '17:10:00', 4, '打掃', 'hsiao'),
(49, 9, '2020-12-14', '16:00:00', '21:00:00', 5, '整理文件', 'hsiao'),
(50, 35, '2020-12-04', '11:00:00', '14:00:00', 3, '搬貨物', 'ttchen'),
(51, 36, '2020-12-04', '13:00:00', '16:00:00', 3, '查詢資料', 'songhon0509'),
(52, 37, '2020-12-04', '13:10:00', '17:10:00', 4, '打掃電腦教室', 'ttchen'),
(53, 39, '2020-12-08', '15:00:00', '16:00:00', 1, '打掃', 'songhon0509'),
(54, 41, '2020-12-08', '13:00:00', '14:00:00', 1, '搬貨物', 'songhon0509'),
(55, 42, '2020-12-09', '09:00:00', '10:00:00', 1, '康寧廣場掃地', 'songhon0509'),
(56, 43, '2020-12-09', '09:00:00', '11:00:00', 2, '打掃', 'songhon0509'),
(57, 33, '2020-12-17', '16:30:00', '17:00:00', 0.5, 'QQQQ', 'hsiao'),
(58, 44, '2020-12-18', '08:00:00', '09:00:00', 1, '打掃野生館', 'ttchen');

-- --------------------------------------------------------

--
-- 表的結構 `status`
--

CREATE TABLE IF NOT EXISTS `status` (
  `sta_id` int(11) NOT NULL AUTO_INCREMENT COMMENT '流水號',
  `unit_id` int(11) NOT NULL COMMENT '單位_id',
  `teacher_id` varchar(20) NOT NULL COMMENT '導師_帳號',
  `Authority` int(1) NOT NULL COMMENT '權限,0:一般教職員,1:主任,2:審核人',
  PRIMARY KEY (`sta_id`)
) ENGINE=InnoDB  DEFAULT CHARSET=utf8 AUTO_INCREMENT=227 ;

--
-- 轉存資料表中的資料 `status`
--

INSERT INTO `status` (`sta_id`, `unit_id`, `teacher_id`, `Authority`) VALUES
(1, 3, 'songhon0509', 1),
(2, 3, 'tkk', 0),
(3, 3, 'eagle870901', 0),
(4, 3, 'bearbear', 0),
(5, 3, 'ccy1210', 0),
(6, 3, 'sanming', 0),
(7, 3, 'chenho1006', 0),
(8, 3, 'lee106810', 0),
(9, 3, 'webber', 0),
(10, 3, 'a553030', 0),
(11, 3, 'wang350668', 0),
(12, 3, 'jarry521031', 0),
(13, 2, 'ltlu', 1),
(14, 2, 'jptung', 0),
(15, 2, 'chchang', 0),
(16, 2, 'scpan', 0),
(17, 2, 'cftsai', 0),
(18, 2, 'juli0831', 0),
(19, 2, 'shyuwc', 0),
(20, 2, 'hyan', 0),
(21, 2, 'panmp', 0),
(22, 2, 'leooo', 0),
(23, 2, 'piggyl', 0),
(24, 2, 'lee66', 0),
(25, 2, 'sword', 0),
(26, 2, 'lilian', 0),
(27, 2, 'a7331909', 0),
(28, 2, 'n1273', 0),
(29, 2, 'yuhshwu', 0),
(30, 2, 'lilanwu', 0),
(31, 2, 'chlin', 0),
(32, 2, 'c0507', 0),
(33, 2, 'jane5209', 0),
(34, 2, 'mapin0614', 0),
(35, 2, 'knjcwang', 0),
(36, 2, 'b1800', 0),
(37, 2, 'n6265324', 0),
(38, 2, 'doma1118', 0),
(39, 2, 'hui726', 0),
(40, 2, 'jucheng', 0),
(41, 2, 'lin88', 0),
(42, 2, 'yuan0609', 0),
(43, 2, 'angel5230', 0),
(44, 2, 'e5511', 0),
(45, 2, 'mjfclee', 0),
(46, 2, 'crchen62', 0),
(47, 2, 'b0412', 0),
(48, 2, 'tseng48', 0),
(49, 2, 'fajohnny', 0),
(50, 2, 'siskoala', 0),
(51, 2, 'meyung', 0),
(52, 2, 'daria8844', 0),
(53, 2, 'ltl79123', 0),
(54, 2, 'r004332', 0),
(55, 2, 'ciwaspig', 0),
(56, 2, 'chunshou', 0),
(57, 2, 'frch5201', 0),
(58, 2, 'chu77772', 0),
(59, 2, 'tliu1688', 0),
(60, 2, 'nr1215', 0),
(61, 2, 'shu-ju', 0),
(62, 2, 'r000328', 0),
(63, 2, 'a86343', 0),
(64, 2, 'w92174', 0),
(65, 2, 'shhan', 0),
(66, 2, 'cian7012', 0),
(67, 2, 'chiumine', 0),
(68, 2, 'peiching', 0),
(69, 2, 'tlhkyc', 0),
(70, 2, 'r004872', 0),
(71, 2, 'r002969', 0),
(72, 2, 'karunas', 0),
(73, 2, 'meiyu', 0),
(74, 2, 'r003036', 0),
(75, 2, 'jasmin', 0),
(76, 2, 'joyce291', 0),
(77, 2, 'b8303083', 0),
(78, 2, 'chenyunu', 0),
(79, 2, 'n4889159', 0),
(80, 2, 'q966501', 0),
(81, 2, 'jeremy03', 0),
(82, 2, 'lsh557', 0),
(83, 2, 'jungchun', 0),
(84, 2, 'oracnir', 0),
(85, 2, 'a1167616', 0),
(86, 2, 'apple820', 0),
(87, 2, 'joey0825', 0),
(88, 2, 'chihsien', 0),
(89, 2, 'lgu666', 0),
(90, 2, 'tsaiyc', 0),
(91, 2, 'fishlin', 0),
(92, 2, 'jeansun', 0),
(93, 2, 'n4310401', 0),
(94, 2, 'b0781b0781', 0),
(95, 2, 'b1655', 0),
(96, 2, 'julia12', 0),
(97, 2, 'b2038', 0),
(98, 2, 'n7398002', 0),
(99, 2, 'nacidapple', 0),
(100, 2, 'hannah', 0),
(101, 2, 'yilun100', 0),
(102, 2, 'mtne2016', 0),
(103, 2, 'tah147570', 0),
(104, 2, 'clai', 0),
(105, 2, 'c5801190', 0),
(106, 2, 'suminyeh', 0),
(107, 2, 'yyy1616', 0),
(108, 2, 'r001356', 0),
(109, 2, 'tzuchuan', 0),
(110, 2, 'rainy123', 0),
(111, 2, 'breeze', 0),
(112, 2, 'yorkukn', 0),
(113, 2, 'only', 0),
(114, 2, 'rita1105', 0),
(115, 2, 'lingyu', 0),
(116, 2, 'wuleepin', 0),
(117, 2, 'jaslu323', 0),
(118, 2, 'fnar000264', 0),
(119, 2, 'hiimage', 0),
(120, 2, 'nokia335', 0),
(121, 2, 'phsieh', 0),
(122, 2, 'wayne9773', 0),
(123, 2, 'r003686', 0),
(124, 2, 'b1651', 0),
(125, 2, 'ndmcstar', 0),
(126, 2, 'evalee19', 0),
(127, 2, 'mingling_chiang', 0),
(128, 2, 'a8993017', 0),
(129, 2, 'r009321', 0),
(130, 2, 'nimrod31', 0),
(131, 2, 'yana1218', 0),
(132, 2, 'hclin19', 0),
(133, 2, 'mick9286', 0),
(134, 2, 'manyaaqq', 0),
(135, 2, 'jane1021', 0),
(136, 2, 'chingyalo', 0),
(137, 2, 'ciayu.lee', 0),
(138, 2, 'v7728126', 0),
(139, 2, 'marianliu', 0),
(140, 2, 'ca5858', 0),
(141, 2, 'R003728', 0),
(142, 2, 'yihsiang', 0),
(143, 2, 'abic5477', 0),
(144, 2, 'hsinwen716', 0),
(145, 2, 'lichin666', 0),
(146, 2, 'linds', 0),
(147, 2, 'cassieou', 0),
(148, 2, 'tulip18', 0),
(149, 2, 'aa0920706', 0),
(150, 2, 'yuruhsu', 0),
(151, 2, 'jjean', 0),
(152, 2, 'yulin', 0),
(153, 2, 'jeter', 0),
(154, 2, 'yulin0510', 0),
(155, 2, 'ting2425', 0),
(156, 2, 'r004959', 0),
(157, 2, 'ccwu479', 0),
(158, 2, 'liting718', 0),
(159, 1, 'ttchen', 1),
(160, 4, 'echoyan', 1),
(161, 4, 'ianwang', 0),
(162, 4, 'sanming', 0),
(163, 4, 'ta139', 0),
(164, 4, 'che8609', 0),
(165, 5, 'echoyan', 1),
(166, 5, 'su1991', 0),
(167, 5, 'yafeng', 0),
(168, 5, 'masaky23', 0),
(169, 7, 'echoyan', 2),
(170, 1, 'qoo90522', 0),
(171, 1, 'liwei', 0),
(172, 1, 'zfstrcuta', 0),
(173, 7, 'ttchen', 0),
(174, 8, 'tkk', 1),
(175, 6, 'tkk', 0),
(176, 11, 'hui726', 0),
(177, 7, 'hsiao', 1),
(178, 13, 'lmw', 0),
(179, 7, 'winnie', 0),
(180, 7, 'yfpeng', 0),
(181, 7, 'tlj2030', 0),
(182, 7, 'twt3168', 2),
(183, 7, 'good', 0),
(184, 7, 'long', 0),
(185, 7, 'jane0127', 0),
(186, 7, 'linyunch', 0),
(187, 7, 'yang', 0),
(188, 7, 'miranda', 0),
(189, 7, 'living', 0),
(190, 7, 'chi8138', 0),
(191, 7, 'foryours', 0),
(192, 7, 'amy0718', 0),
(193, 7, 'bellina', 0),
(194, 7, 'tom200e', 0),
(195, 7, 'yujung', 0),
(196, 7, 'judy0616', 0),
(197, 7, 'linda919', 0),
(198, 7, 'kevinukn', 0),
(199, 7, 'reagon', 0),
(200, 7, 'geraldine', 0),
(201, 7, 'masaky23', 0),
(202, 7, 'lwu-1025', 0),
(203, 7, 'a940416', 0),
(204, 8, 'layhway', 0),
(205, 8, 'pauline', 0),
(206, 8, 'eagle870901', 0),
(207, 8, 'bearbear', 0),
(208, 8, 'seanliang', 0),
(209, 8, 'lee106810', 0),
(210, 8, 'chenho1006', 0),
(211, 8, 'coco38', 0),
(212, 8, 'chojen', 0),
(213, 8, 'knslgs', 0),
(214, 6, 'echoyan', 1),
(215, 6, 'charityhu', 0),
(216, 16, 'liwei', 1),
(217, 16, 'lcy1106', 0),
(218, 16, 'p321045881', 0),
(219, 16, 'yo20703', 0),
(220, 16, 'a4230682', 0),
(221, 17, 'liwei', 1),
(222, 17, 'zfstrcuta', 0),
(223, 17, 'dns5778', 0),
(224, 17, 'qoo90522', 0),
(225, 1, 'a4230682', 0),
(226, 11, 'amanda', 0);

-- --------------------------------------------------------

--
-- 表的結構 `student_information`
--

CREATE TABLE IF NOT EXISTS `student_information` (
  `account_id` char(10) NOT NULL COMMENT '學號',
  `stu_dep` varchar(20) NOT NULL COMMENT '科系',
  `stu_grade` char(1) NOT NULL COMMENT '年級',
  `class_name` char(1) NOT NULL COMMENT '班級名稱',
  `stu_name` varchar(20) NOT NULL COMMENT '學生姓名',
  `teacher_id` varchar(20) NOT NULL COMMENT '導師_id',
  PRIMARY KEY (`account_id`)
) ENGINE=InnoDB DEFAULT CHARSET=utf8;

--
-- 轉存資料表中的資料 `student_information`
--

INSERT INTO `student_information` (`account_id`, `stu_dep`, `stu_grade`, `class_name`, `stu_name`, `teacher_id`) VALUES
('105512101', '五專護理科', '5', '忠', '邱蓓蕾', 'yuan0609'),
('105512111', '五專護理科', '5', '忠', '彭意茹', 'yuan0609'),
('105513111', '五專嬰幼兒保育科', '5', '忠', '王馨誼', 'shcll'),
('105534141', '五專資訊管理科', '5', '忠', '王品絜', 'hsiao'),
('105534142', '五專資訊管理科', '5', '忠', '洪麒曜', 'hsiao'),
('105534201', '五專資訊管理科', '5', '孝', '王景瀚', 'songhon0509'),
('105534202', '五專資訊管理科', '5', '孝', '洪浩軒', 'songhon0509'),
('105534203', '五專資訊管理科', '5', '孝', '王譯璟', 'songhon0509'),
('105534204', '五專資訊管理科', '5', '孝', '許晏慈', 'songhon0509'),
('105534205', '五專資訊管理科', '5', '孝', '郭懿珊', 'songhon0509'),
('105534206', '五專資訊管理科', '5', '孝', '吳安琪', 'songhon0509'),
('105534212', '五專資訊管理科', '5', '孝', '柯唯廉', 'songhon0509'),
('105534215', '五專資訊管理科', '5', '孝', '王致鈞', 'songhon0509'),
('105534243', '五專資訊管理科', '5', '孝', '吳詩萱', 'songhon0509'),
('105534245', '五專資訊管理科', '5', '孝', '蕭雅恣', 'songhon0509'),
('105535102', '五專數位影視動畫科', '5', '忠', '林軒萱', 'lmw'),
('106512105', '五專護理科', '4', '忠', '林雅羚', 'leooo'),
('106513245', '五專嬰幼兒保育科', '4', '孝', '梁瑋芹', 'seanliang'),
('106534101', '五專資訊管理科', '4', '忠', '黃柏曄', 'echoyan'),
('106534107', '五專資訊管理科', '4', '忠', '陳宗鴻', 'echoyan'),
('106535104', '五專數位影視動畫科', '4', '忠', '陳玟君', 'amanda'),
('106535132', '五專數位影視動畫科', '4', '忠', '林承諺', 'amanda'),
('107512243', '五專護理科', '3', '孝', '林雅淇', 'phsieh'),
('107536160', '五專企業管理科', '3', '忠', '高國敦', 'peggyhu'),
('108513104', '五專嬰幼兒保育科', '2', '忠', '張雯婷', 'melissa'),
('108513119', '五專嬰幼兒保育科', '2', '忠', '羅采薇', 'melissa'),
('108513203', '五專嬰幼兒保育科', '2', '忠', '馬以薰', 'melissa'),
('108534104', '五專資訊管理科', '2', '忠', '朱宣霓', 'ttchen'),
('108534108', '五專資訊管理科', '2', '忠', '游博翔', 'ttchen'),
('108534111', '五專資訊管理科', '2', '忠', '劉兪睿', 'ttchen'),
('108534112', '五專資訊管理科', '2', '忠', '葉玉安', 'ttchen'),
('108534118', '五專資訊管理科', '2', '忠', '潘翊安', 'ttchen'),
('108534130', '五專資訊管理科', '2', '忠', '姜智鈞', 'ttchen'),
('108534136', '五專資訊管理科', '2', '忠', '游子頡', 'ttchen'),
('108534139', '五專資訊管理科', '2', '忠', '林純榛', 'ttchen'),
('108535104', '五專數位影視動畫科', '2', '忠', '曾琮竣', 'eilyt105'),
('108536132', '五專企業管理科', '2', '忠', '陳致翰', 'kangaroo'),
('109511102', '五專視光科', '1', '忠', '蔡詠筑', 'lindon'),
('109511234', '五專視光科', '1', '孝', '李柏萱', 'emily011'),
('109512237', '五專護理科', '1', '孝', '周昀萱', 'ltlu'),
('109512352', '五專護理科', '1', '仁', '王炫翔', 'chchang'),
('109512412', '五專護理科', '1', '愛', '莊庭瑄', 'hyan'),
('109512444', '五專護理科', '1', '愛', '柯瑾儀', 'hyan'),
('109534106', '五專資訊管理科', '1', '忠', '洪苡暄', 'yfpeng'),
('109534207', '五專資訊管理科', '1', '孝', '吳書嫻', 'masaky23'),
('109536104', '五專企業管理科', '1', '忠', '林珈筠', 'hanlin');

-- --------------------------------------------------------

--
-- 表的結構 `teacher_information`
--

CREATE TABLE IF NOT EXISTS `teacher_information` (
  `teacher_id` varchar(20) NOT NULL COMMENT '導師_帳號',
  `teacher_name` varchar(20) NOT NULL COMMENT '教師姓名',
  PRIMARY KEY (`teacher_id`)
) ENGINE=InnoDB DEFAULT CHARSET=utf8;

--
-- 轉存資料表中的資料 `teacher_information`
--

INSERT INTO `teacher_information` (`teacher_id`, `teacher_name`) VALUES
('a1167616', '王嘉莉'),
('a4230682', '李權益'),
('a553030', '翁正樵'),
('a7331909', '黃素珍'),
('a86343', '徐玉玫'),
('a8993017', '陳志誠'),
('a940416', '蘇渝婷'),
('aa0920706', '趙詩瑾'),
('abic5477', '吳佩雯'),
('amanda', '邱淑媛'),
('amy0718', '益西曲珍'),
('angel5230', '陳姿螢'),
('apple820', '高中蘋'),
('b0412', '王映雪'),
('b0781b0781', '蔡惠華'),
('b1651', '林美玲'),
('b1655', '陳雅芳'),
('b1800', '吳孟嬪'),
('b2038', '陳秀惠'),
('b8303083', '薛宥綱'),
('bearbear', '李姿嫺'),
('bellina', '嚴惠慈'),
('breeze', '鄭凱仁'),
('c0507', '戰臨茜'),
('c5801190', '黃燕秋'),
('ca5858', '陳婕玲'),
('cassieou', '區馨尹'),
('ccwu479', '吳錦楨'),
('ccy1210', '鍾志運'),
('cftsai', '蔡秋帆'),
('charityhu', '胡佩雯'),
('chchang', '張振華'),
('che8609', '車承軒'),
('chenho1006', '陳怡麟'),
('chenyunu', '陳玉女'),
('chi8138', '賴曉琪'),
('chihsien', '王琦嫻'),
('chingyalo', '羅靜雅'),
('chiumine', '黃秋敏'),
('chlin', '林君樺'),
('chojen', '劉琢仁'),
('chu77772', '陳美珠'),
('chunshou', '李君碩'),
('cian7012', '陳玉紛'),
('ciayu.lee', '李嘉羽'),
('ciwaspig', '許雅婷'),
('clai', '賴錦皇'),
('coco38', '徐芝蘭'),
('crchen62', '陳曉容'),
('daria8844', '吳秀如'),
('dns5778', '林銘輝'),
('doma1118', '羅彥俐'),
('e5511', '林晶晶'),
('eagle870901', '黃至斌'),
('echoyan', '嚴竹華'),
('eilyt105', '陳宜莉'),
('emily011', '鄭幸洵'),
('evalee19', '李芷蓁'),
('fajohnny', '趙恩'),
('fishlin', '林碧瑜'),
('fnar000264', '張芬娥'),
('foryours', '朱星念'),
('frch5201', '何愛生'),
('geraldine', '顏心儀'),
('good', '許朝程'),
('hanlin', '熊漢琳'),
('hannah', '徐亮華'),
('hcchen', '陳琇娟'),
('hclin19', '林栩禎'),
('hiimage', '蔡忠志'),
('hsiao', '蕭曼蓉'),
('hsinwen716', '胡馨文'),
('hui726', '林千惠'),
('hyan', '嚴惠宇'),
('ianwang', '王英龢'),
('jane0127', '紀櫻珍'),
('jane1021', '蔡秉禎'),
('jane5209', '胡懷玉'),
('jarry521031', '唐華屏'),
('jaslu323', '呂文娟'),
('jasmin', '沈淑嬌'),
('jeansun', '吳俊昇'),
('jeremy03', '李祥瑞'),
('jeter', '蔡博文'),
('jjean', '曾祐貞'),
('joey0825', '謝宗運'),
('joyce291', '吳莒瑛'),
('jptung', '董俊平'),
('jucheng', '林如錚'),
('judy0616', '李君懿'),
('juli0831', '葉麗娟'),
('julia12', '朱雯'),
('jungchun', '何容君'),
('kangaroo', '連章宸'),
('karunas', '朱建華'),
('kevinukn', '林政錦'),
('knjcwang', '王如華'),
('knslgs', '生輔組'),
('layhway', '解鄒秀銀'),
('lcy1106', '李佳穎'),
('lee106810', '李至善'),
('lee66', '李惠玲'),
('leooo', '劉篤忠'),
('lgu666', '林季榆'),
('lichin666', '游麗瑾'),
('lilanwu', '吳麗蘭'),
('lilian', '劉筱瓊'),
('lin88', '林岳良'),
('linda919', '鄧文玲'),
('lindon', '林羿陞'),
('linds', '莊佳玲'),
('lingyu', '廖怜俞'),
('linyunch', '林永杰'),
('liting718', '蔡麗婷'),
('living', '吳慧心'),
('liwei', '周利蔚'),
('lmw', '李美惠'),
('long', '吳振龍'),
('lsh557', '林淑惠'),
('ltl79123', '梁紫筠'),
('ltlu', '呂莉婷'),
('lwu-1025', '李威遠'),
('manyaaqq', '林宛萱'),
('mapin0614', '周曼萍'),
('marianliu', '劉本雲'),
('masaky23', '邱一峰'),
('meiyu', '林美育'),
('melissa', '許存惠'),
('meyung', '袁明琦'),
('mick9286', '徐國峯'),
('mingling_chiang', '江明玲'),
('miranda', '林桂枝'),
('mjfclee', '李忠信'),
('mtne2016', '劉姿伶'),
('n1273', '鄭美玉'),
('n4310401', '吳雪紅'),
('n4889159', '劉璧瑜'),
('n6265324', '施秀鈴'),
('n7398002', '羅淑如'),
('nacidapple', '柯盈萱'),
('ndmcstar', '楊策淳'),
('nimrod31', '林政憲'),
('nokia335', '賀彥中'),
('nr1215', '陳櫻'),
('only', '歐蘊寧'),
('oracnir', '張智銘'),
('p321045881', '趙加鉉'),
('panmp', '潘美芳'),
('pauline', '陳佩琳'),
('peggyhu', '胡珮高'),
('peiching', '吳培菁'),
('phsieh', '謝珮琳'),
('piggyl', '林麗秋'),
('q966501', '林淑姬'),
('qoo90522', '陳維德'),
('r000328', '吳秀娟'),
('r001356', '秦家慧'),
('r002969', '何美蓮'),
('r003036', '施玉珊'),
('r003686', '張曉婷'),
('R003728', '林明芳'),
('r004332', '曾雅惠'),
('r004872', '張敏'),
('r004959', '陳思穎'),
('r009321', '詹家綾'),
('rainy123', '陳怡禎'),
('reagon', '馮建中'),
('rita1105', '張瓊文'),
('sanming', '葉三銘'),
('scpan', '潘素卿'),
('seanliang', '梁可憲'),
('shcll', '薛惠琪'),
('shhan', '韓善寰'),
('shu-ju', '蔣淑如'),
('shyuwc', '徐偉鈞'),
('siskoala', '邱綉雯'),
('songhon0509', '周松和'),
('su1991', '蘇芯儀'),
('suminyeh', '葉淑敏'),
('sword', '溫華昇'),
('ta139', '陳天順'),
('tah147570', '陳君婷'),
('ting2425', '陳廷'),
('tkk', '郭東崑'),
('tlhkyc', '許庭綾'),
('tliu1688', '劉德蕙'),
('tlj2030', '姜子龍'),
('tom200e', '黃證嘉'),
('tsaiyc', '蔡佑承'),
('tseng48', '曾國亮'),
('ttchen', '陳宗騰'),
('tulip18', '林郁芳'),
('twt3168', '蔡殿偉'),
('tzuchuan', '徐紫娟'),
('v7728126', '陳姿秀'),
('w92174', '林芳宇'),
('wang350668', '王仁舜'),
('wayne9773', '張文昌'),
('webber', '王春良'),
('winnie', '朱錦文'),
('wuleepin', '吳麗彬'),
('yafeng', '鄭雅丰'),
('yana1218', '蔡運寧'),
('yang', '楊景琦'),
('yfpeng', '彭賓鈺'),
('yihsiang', '汪憶湘'),
('yilun100', '黃雅萱'),
('yo20703', '白奇弘'),
('yorkukn', '曾郁堯'),
('yuan0609', '方又圓'),
('yuhshwu', '李裕菽'),
('yujung', '謝育容'),
('yulin', '林毓'),
('yulin0510', '凃昱綾'),
('yuruhsu', '徐玉茹'),
('yyy1616', '顏雅誼'),
('zfstrcuta', '曾巧瑩');

-- --------------------------------------------------------

--
-- 表的結構 `units`
--

CREATE TABLE IF NOT EXISTS `units` (
  `unit_id` int(11) NOT NULL AUTO_INCREMENT COMMENT '單位_id',
  `unit_name` varchar(20) NOT NULL COMMENT '單位名稱',
  PRIMARY KEY (`unit_id`)
) ENGINE=InnoDB  DEFAULT CHARSET=utf8 AUTO_INCREMENT=18 ;

--
-- 轉存資料表中的資料 `units`
--

INSERT INTO `units` (`unit_id`, `unit_name`) VALUES
(1, '資訊暨圖書中心'),
(2, '護理科'),
(3, '軍訓室'),
(4, '學生事務處'),
(5, '圖書組'),
(6, '原住民資源中心'),
(7, '資訊管理科'),
(8, '生活輔導組'),
(9, '課外活動組'),
(10, '衛生保健組'),
(11, '體育室'),
(12, '校長室'),
(13, '秘書室'),
(14, '總務處'),
(15, '出納組'),
(16, '軟體開發組'),
(17, '資訊組');

/*!40101 SET CHARACTER_SET_CLIENT=@OLD_CHARACTER_SET_CLIENT */;
/*!40101 SET CHARACTER_SET_RESULTS=@OLD_CHARACTER_SET_RESULTS */;
/*!40101 SET COLLATION_CONNECTION=@OLD_COLLATION_CONNECTION */;
